avg_epoch_time,total_training_time,total_num_epochs,num_epochs_early_stopping,patience,loss_function,loss,loss_error,optimiser,learning_rate,activation_function,no_hidden_layers,batch_size,no_nodes
0.06729493092654044,46.553863286972046,375,375,10,MSELoss(),0.41932855458243895,0.5472575977698888,Adam,0.001,Sigmoid,3,2,10
0.06494880036303871,9.535199642181396,375,78,10,MSELoss(),0.438151511155363,0.6468450071173133,Adam,0.001,ReLU,3,2,27
0.05629112692078152,5.637205600738525,375,53,10,MSELoss(),0.29859734590067283,0.35313336178804433,Adam,0.001,ReLU,3,2,81
0.05706517309473272,6.505419731140137,375,60,10,MSELoss(),0.6237496296188941,0.4523164777360174,Adam,0.001,ReLU,3,2,90
0.05272782625336396,8.068641901016235,375,80,10,MSELoss(),0.22632408222967856,0.2440193356189324,Adam,0.001,ReLU,3,2,84
0.0554713652372765,3.3029592037200928,375,31,10,MSELoss(),1.2403093596038066,1.1883575066776466,Adam,0.001,ReLU,3,2,87
0.04994398582051372,3.5253825187683105,375,36,10,MSELoss(),0.5592602172400802,0.6064432962912212,Adam,0.001,ReLU,3,2,87
