avg_epoch_time,total_training_time,total_num_epochs,num_epochs_early_stopping,patience,loss_function,loss,loss_error,optimiser,learning_rate,activation_function,no_hidden_layers,batch_size
0.027095777797220943,15.100608587265015,375,294,15,MSELoss(),0.29993758973432705,0.4018741276621061,Adam,0.001,ReLU,2,2
0.030040778766480793,16.412527799606323,375,284,15,MSELoss(),0.27660474766928117,0.33323514783344066,Adam,0.001,ReLU,2,2
0.03379056406352584,17.01870369911194,375,265,15,MSELoss(),0.3167811720203118,0.4671825979372721,Adam,0.001,ReLU,2,2
0.03480038540823418,24.662887573242188,375,375,15,MSELoss(),0.23706416808387362,0.2830598320807805,Adam,0.001,ReLU,2,2
