avg_epoch_time,total_training_time,total_num_epochs,num_epochs_early_stopping,patience,loss_function,test_loss,tets_loss_error,optimiser,learning_rate,activation_function,no_hidden_layers,batch_size,no_nodes,predicted_feature,training_loss
0.013844577595591545,4.071984052658081,250,176,20,MSELoss(),46.5105499625206,47.93249045961897,Adam,0.01,ReLU,6,6,10,Emittance,72.07018685340881
0.012514602493595433,2.062514066696167,250,111,20,MSELoss(),65.21153807640076,79.98918678478597,Adam,0.01,ReLU,4,6,5,Emittance,1091.5904636383057
0.03008285661538442,6.019106864929199,250,114,20,MSELoss(),78.23524975776672,68.82181182110979,Adam,0.01,ReLU,20,6,10,Emittance,877.8498001098633
0.030614078044891357,1.979569673538208,250,38,20,MSELoss(),299.3391602039337,378.76346112338797,Adam,0.01,ReLU,20,6,10,"['Emittance', 'Beam Energy', 'Beam Spread']",5059.1229248046875
0.03293011139850227,2.780747890472412,250,49,20,MSELoss(),47.176900148391724,35.57669497626985,Adam,0.01,ReLU,20,6,10,"['Emittance', 'Beam Energy', 'Beam Spread']",363.31760597229004
