avg_epoch_time,total_training_time,total_num_epochs,num_epochs_early_stopping,patience,loss_function,loss,loss_error,optimiser,learning_rate,activation_function,no_hidden_layers,batch_size,no_nodes,predicted_feature
0.13322261302617558,23.986725091934204,250,96,20,MSELoss(),94.99796367319007,52.851631270295776,Adam,0.001,ReLU,10,2,10,Emittance
0.05553563554663407,26.59024477005005,250,250,20,MSELoss(),0.4359394806976381,0.8798059830520527,Adam,0.001,ReLU,3,2,10,Emittance
0.10146834498957584,47.50766968727112,250,250,20,MSELoss(),0.5326340221432283,1.0874600733725992,Adam,0.001,ReLU,4,2,10,Emittance
