avg_epoch_time,total_training_time,total_num_epochs,num_epochs_early_stopping,patience,loss_function,loss,loss_error,optimiser,learning_rate,activation_function
0.03773398269255108,19.646029472351074,375,281,15,MSELoss(),0.435000681784004,0.9201460555525035,Adam,0.001,ReLU
0.03825322421458871,17.007234573364258,375,237,15,MSELoss(),0.5157589137088507,0.9229235974182005,Adam,0.001,ReLU
