,Target,Feature,Correlation
36,Beam Energy,Beam Energy,1.0000000000000018
0,Emittance,Emittance,1.0
21,Beam Spread,Beam Spread,0.9999999999999976
35,Beam Energy,Critical Energy,0.9762200491360778
47,Beam Energy,Other Percentage,0.9723695843960232
31,Beam Spread,Other Percentage,0.966335932103487
10,Emittance,Total Charge,0.9638937736828069
30,Beam Spread,UV Percentage,0.9526156222983372
37,Beam Energy,Beam Spread,0.9511972702797238
20,Beam Spread,Beam Energy,0.9511972702797238
41,Beam Energy,Total no. Photons,0.9501962433164558
40,Beam Energy,X-ray Critical Energy,0.943615709289252
46,Beam Energy,UV Percentage,0.9293421455578921
19,Beam Spread,Critical Energy,0.9098437577829435
24,Beam Spread,X-ray Critical Energy,0.8958118974592741
25,Beam Spread,Total no. Photons,0.8528809642224863
39,Beam Energy,X-ray Percentage,0.8398154016642455
33,Beam Energy,X-ray/UV,0.8272606875951498
6,Emittance,Beam Radius,0.7931540626533337
23,Beam Spread,X-ray Percentage,0.7222854995588496
17,Beam Spread,X-ray/UV,0.7089658304590097
11,Emittance,Set Emittance,0.6478210722332766
26,Beam Spread,Total Charge,0.6385616902181901
16,Beam Spread,Emittance,0.6139426282572653
5,Emittance,Beam Spread,0.6139426282572614
2,Emittance,Mean Theta,0.5590508290045043
13,Emittance,Mean Radiation Radius,0.5590500967203766
29,Beam Spread,Mean Radiation Radius,0.49547867946236235
18,Beam Spread,Mean Theta,0.4954784807611003
45,Beam Energy,Mean Radiation Radius,0.45750751112654253
34,Beam Energy,Mean Theta,0.45750715491201194
22,Beam Spread,Beam Radius,0.42376092868379067
14,Emittance,UV Percentage,0.3936236262887481
42,Beam Energy,Total Charge,0.392753478808695
27,Beam Spread,Set Emittance,0.338966582848037
4,Emittance,Beam Energy,0.3376887980112885
32,Beam Energy,Emittance,0.33768879801128737
8,Emittance,X-ray Critical Energy,0.32020729833100264
15,Emittance,Other Percentage,0.31460599479630497
9,Emittance,Total no. Photons,0.3051762392996254
3,Emittance,Critical Energy,0.29356633840365975
12,Emittance,Set Radius,0.2821076038272975
28,Beam Spread,Set Radius,0.24920715635753657
1,Emittance,X-ray/UV,0.24226083343421498
7,Emittance,X-ray Percentage,0.24170159574325678
44,Beam Energy,Set Radius,0.18876352172280708
38,Beam Energy,Beam Radius,0.18845525114073755
43,Beam Energy,Set Emittance,0.16719414028097704
