Emittance,Beam Energy,Beam Spread,Beam Radius
3.495248989767654,3.401182727683329,6.82,4.332287522811917
