Emittance,Uv/X-ray,Initial emittance,Mean Theta,Critical Energy,Beam Energy,Beam Spread,Beam Radius,X-ray Percentage,X-ray Critical Energy,Set Emittance,Set Radius
2.2005837822969925,0.30524194344543676,1.4601353681138052,0.00012851327222451061,281.8177127446704,3.467056373328787,7.55,3.495111665684738,0.7633841733884525,1068.3955459345582,1.0,1
2.2005837822969925,0.30524194344543676,1.4601353681138052,0.00012851327222451061,281.8177127446704,3.467056373328787,7.55,3.495111665684738,0.7633841733884525,1068.3955459345582,1.0,1
2.2448373736786165,0.29547173066004806,1.5626383687432848,0.00013340987863535257,289.2094715891219,3.445770443468988,7.35,3.45569622769037,0.7692398240986742,1076.0942036101758,1.1,1
2.2448373736786165,0.29547173066004806,1.5626383687432848,0.00013340987863535257,289.2094715891219,3.445770443468988,7.35,3.45569622769037,0.7692398240986742,1076.0942036101758,1.1,1
