Emittance,Beam Energy,Beam Spread,Beam Radius
2.444482559586338,2.7872616496412697,6.23,216.77369683865544
