Emittance,Uv/X-ray,Initial emittance,Mean Theta,Critical Energy,Beam Energy,Beam Spread,Beam Radius
2.2005837822969925,0.24040137619327687,1.4601353681138052,0.0001674271937041093,341.5626519598888,3.467056373328787,7.55,3.495111665684738
2.2448373736786165,0.24040137619327687,1.5626383687432848,0.0001674271937041093,341.5626519598888,3.445770443468988,7.35,3.45569622769037
