Emittance,X-ray/UV,Initial emittance,Mean Theta,Critical Energy,Beam Energy,Beam Spread,Beam Radius,X-ray Percentage,X-ray Critical Energy,X-ray Mean Theta,No. X-ray Photons,No. UV Photons,No. Other Photons,Total no. Photons,Total Charge,Set Emittance,Set Radius
2.2005837822969925,0.26997154521949407,1.4601353681138052,0.00012824271805257365,282.1680275558477,3.467056373328787,7.55,3.495111665684738,0.17583357082635728,1222.3921804166841,3.7790952315248045e-05,83587233.58395916,309614976.33389664,82174779.76123631,475376989.6790921,1.0305415801858346e-10,1.0,1.0
2.2448373736786165,0.27628686677373554,1.5626383687432848,0.00013312597791065834,289.56638185344445,3.445770443468988,7.35,3.45569622769037,0.17943298439297592,1238.7144996470688,3.94814056486258e-05,93415346.49605289,338109978.17914796,89088802.16484594,520614126.84004676,1.0789535830707152e-10,1.1,1.0
11.311051260173917,0.008073782614077579,9.526308703215284,0.0010744309796594455,36.645091414909494,0.6695904947463365,5.4,13.434923306857064,0.005027273244496439,563.885753399238,0.0008976217565649092,533388.8505693849,66064306.66579496,39501341.60148224,106099037.11784661,1.2046045564793779e-10,9.5098,2.0
2.2005837822969925,0.26997154521949407,1.4601353681138052,0.00012824271805257365,282.1680275558477,3.467056373328787,7.55,3.495111665684738,0.17583357082635728,1222.3921804166841,3.7790952315248045e-05,83587233.58395916,309614976.33389664,82174779.76123631,475376989.6790921,1.0305415801858346e-10,1.0,1.0
2.2448373736786165,0.27628686677373554,1.5626383687432848,0.00013312597791065834,289.56638185344445,3.445770443468988,7.35,3.45569622769037,0.17943298439297592,1238.7144996470688,3.94814056486258e-05,93415346.49605289,338109978.17914796,89088802.16484594,520614126.84004676,1.0789535830707152e-10,1.1,1.0
11.311051260173917,0.008073782614077579,9.526308703215284,0.0010744309796594455,36.645091414909494,0.6695904947463365,5.4,13.434923306857064,0.005027273244496439,563.885753399238,0.0008976217565649092,533388.8505693849,66064306.66579496,39501341.60148224,106099037.11784661,1.2046045564793779e-10,9.5098,2.0
